<?xml version="1.0" encoding="UTF-8"?>
<project-private xmlns="http://www.netbeans.org/ns/project-private/1">
    <editor-bookmarks xmlns="http://www.netbeans.org/ns/editor-bookmarks/2" lastBookmarkId="0"/>
    <open-files xmlns="http://www.netbeans.org/ns/projectui-open-files/2">
        <group>
            <file>file:/E:/NetBeans%20projects/TowerDefense/src/towerdefense/ArrowCastle.java</file>
            <file>file:/E:/NetBeans%20projects/TowerDefense/src/towerdefense/Castle.java</file>
            <file>file:/E:/NetBeans%20projects/TowerDefense/src/towerdefense/Enemy.java</file>
            <file>file:/E:/NetBeans%20projects/TowerDefense/src/towerdefense/Map.java</file>
            <file>file:/E:/NetBeans%20projects/TowerDefense/src/towerdefense/AirCastle.java</file>
            <file>file:/E:/NetBeans%20projects/TowerDefense/src/towerdefense/TowerDefense.java</file>
            <file>file:/E:/NetBeans%20projects/TowerDefense/src/towerdefense/CannonCastle.java</file>
            <file>file:/E:/NetBeans%20projects/TowerDefense/src/towerdefense/Gamer.java</file>
        </group>
    </open-files>
</project-private>
